accuracy,precision,recall,f1,roc_auc
0.8294051627384961,0.7878787878787878,0.7602339181286549,0.7738095238095238,0.8743675369358429
