,count,missing,missing_pct,mean,median,std,min,p25,p50,p75,max,skewness,kurtosis
PassengerId,577,0,0.0,450.59098786828423,455.0,259.56835655409935,1.0,222.0,455.0,676.0,891.0,-0.028495458469600818,-1.210326907571884
Pclass,577,0,0.0,2.5025996533795496,3.0,0.7339085108455593,1.0,2.0,3.0,3.0,3.0,-1.1063960311674665,-0.27244325455997354
Age,577,0,0.0,29.742287694974003,29.7,8.516995690423885,5.0,24.0,29.7,32.5,54.0,0.6510487116084306,0.527036147656859
SibSp,577,0,0.0,0.19930675909878684,0.0,0.44503378988371556,0.0,0.0,0.0,0.0,2.0,2.139040898545251,3.899491324254649
Parch,577,0,0.0,0.0,0.0,0.0,0.0,0.0,0.0,0.0,0.0,0.0,0.0
Fare,577,0,0.0,14.926356152512998,8.6625,12.606520864552754,0.0,7.775,8.6625,15.85,61.175,1.9948941217217377,3.4789436210939204
